,Algorithm,Accuracy,F1,AUC
0,GA,0.8906074673824559,0.8984072700935791,0.939945255008312
1,GA,0.8894633781434952,0.9000429191897187,0.9345715836987076
2,GA,0.8873035430096881,0.9020707846374152,0.939875855740866
3,GA,0.8862071241556841,0.8982417985536107,0.9380513745613294
4,GA,0.8873328786311999,0.9023303313432128,0.9406572797427728
5,GA,0.8883486245260462,0.8982216719090514,0.9353327489814816
6,GA,0.8883999618636921,0.8981207965137926,0.9389187682660584
7,GA,0.8861851224395503,0.9000611814486561,0.938361373511442
8,GA,0.8861924563449283,0.8978300854888875,0.9375190978461552
9,GA,0.8872742073881764,0.8990950346494334,0.9369360888049044
10,GA,0.8850960374909244,0.8970652015145896,0.9372075926519768
11,GA,0.8862071241556841,0.8991751798650928,0.937245679214886
12,GA,0.88840729576907,0.8986241149319788,0.9388170901125356
13,GA,0.8873035430096881,0.8997236881338128,0.937776400979448
14,GA,0.8883816271002472,0.8988075213358125,0.9367828400106714
15,GA,0.888410962721759,0.8971946028494365,0.9400409741664486
16,GA,0.8851107053016802,0.8969706199967411,0.9377510303983692
17,GA,0.8861887893922393,0.8985090401307524,0.9402801323701668
18,GA,0.8883596253841133,0.9011350675803752,0.9370298094922992
19,GA,0.8861851224395503,0.8935026606921289,0.9380571827104394
20,GA,0.888410962721759,0.8997564108242173,0.9379008386240538
21,GA,0.887321877773133,0.8948538358312286,0.9386882548862164
22,GA,0.888396294911003,0.9001222184218429,0.9375427246592838
23,GA,0.8906331360512788,0.8999414659856123,0.9386071071297648
24,GA,0.8872815412935542,0.8983050661216506,0.9366344612999984
25,GA,0.8872852082462432,0.8987888138096896,0.9405510443075537
26,GA,0.886229125871818,0.8994709401426889,0.9385823162029808
27,GA,0.8895147154811408,0.8990961385873599,0.9376074983195228
28,GA,0.8806700255953297,0.9005750103699303,0.9381291973828644
29,GA,0.8850740357747905,0.8995314556549219,0.9383457278139176
