,Algorithm,Accuracy,F1,AUC
0,Optuna,0.8172390899442866,0.816882524336068,0.9579368299497828
