,Algorithm,Accuracy,F1,AUC
0,Optuna,0.8850887035855464,0.8992111849817491,0.9394231389840391
