,Algorithm,Accuracy,F1,AUC
0,PSO,0.8652684144818977,0.8718491324795246,0.9879906258722706
1,PSO,0.8719975031210987,0.8880469678643415,0.9887567762425804
2,PSO,0.895305867665418,0.8918785628288644,0.9901714729641996
3,PSO,0.8686392009987516,0.889144190690268,0.9899162861878071
