,Algorithm,Accuracy,F1,AUC
93,PSO,0.2216853932584269,0.0850496460027604,0.5
94,PSO,0.2216354556803995,0.08526959812049,0.5
95,PSO,0.2204868913857677,0.0854129707152477,0.5
96,PSO,0.2271785268414481,0.080419144788878,0.5
97,PSO,0.2215480649188514,0.0804682642241642,0.5
98,PSO,0.2194257178526841,0.0851122885315265,0.5
99,PSO,0.2271785268414482,0.0847561189410056,0.5
100,PSO,0.2216604244694132,0.0813699588329681,0.5
101,PSO,0.2204744069912609,0.0804405406705419,0.5
102,PSO,0.2271660424469413,0.0844449807026608,0.5
103,PSO,0.2193632958801498,0.0858931366157437,0.5
104,PSO,0.2215730337078651,0.0848131107195259,0.5
105,PSO,0.2272159800249688,0.0811170136241903,0.5
106,PSO,0.221585518102372,0.0805488171893691,0.5
107,PSO,0.227191011235955,0.0813809964557641,0.5
108,PSO,0.2271410736579275,0.0845295684158149,0.5
109,PSO,0.2272034956304619,0.0784304342856902,0.5
110,PSO,0.2271410736579275,0.0852851040217065,0.5
111,PSO,0.2215605493133582,0.0848095706935487,0.5
112,PSO,0.2193008739076155,0.0859058219811465,0.5
113,PSO,0.2216479400749063,0.0848935742639581,0.5
114,PSO,0.2271410736579275,0.077155715247366,0.5
115,PSO,0.2216104868913858,0.0818423516028914,0.5
116,PSO,0.2204369538077403,0.0851382821920685,0.5
117,PSO,0.2193258426966292,0.0844820647334834,0.5
118,PSO,0.2205118601747815,0.0849450290599659,0.5
119,PSO,0.2271535580524344,0.0785962997744483,0.5
120,PSO,0.2205742821473158,0.0867378183174187,0.5
121,PSO,0.2182896379525593,0.0800417718193947,0.5
122,PSO,0.2205118601747815,0.0809852135962935,0.5
