,Algorithm,Accuracy,F1,AUC
32,Random Search,0.9120104050538832,0.8998544986289622,0.991777135379916
33,Random Search,0.9053623188405796,0.9039678779008457,0.9920548992158004
34,Random Search,0.903154960981048,0.9017484110395249,0.9927534480827996
35,Random Search,0.897536231884058,0.8946864334766745,0.9919263533381298
36,Random Search,0.9075622445187662,0.9089050144258016,0.9917259164872756
37,Random Search,0.9009030100334448,0.8997345302144918,0.9917092813446448
38,Random Search,0.9064511334076552,0.9051049774548988,0.9926411561355444
39,Random Search,0.8964102564102564,0.903890577192742,0.9922920641970648
40,Random Search,0.8997584541062801,0.89590543443359,0.9927868893256884
41,Random Search,0.8953325901151987,0.8998468325305974,0.9906142427657936
42,Random Search,0.9042326272761056,0.903519292476844,0.9919080501978598
43,Random Search,0.9075585284280936,0.9012666824365504,0.9922839822990812
44,Random Search,0.9019583797844668,0.9057247784981072,0.9913784695483931
45,Random Search,0.9086845039018951,0.8983845414222024,0.9926820767205632
46,Random Search,0.8975399479747305,0.8993733398595948,0.9915590689947444
47,Random Search,0.8975510962467483,0.9103444853385944,0.9923858592997452
48,Random Search,0.9009178743961352,0.9037481093029364,0.9925078152731716
49,Random Search,0.9031289483463396,0.9122234538003844,0.992312923492114
50,Random Search,0.9041917502787068,0.9017245625928668,0.9925873976586976
51,Random Search,0.903125232255667,0.9035525311085164,0.9909024027673108
52,Random Search,0.9042437755481232,0.9012074265913238,0.9920474029611948
53,Random Search,0.9064585655890004,0.9035758527618772,0.991814371631924
54,Random Search,0.9031029357116314,0.9082129310793062,0.992037890072087
55,Random Search,0.9097881828316612,0.8971020660834838,0.9917160981355382
56,Random Search,0.9019992567818654,0.8976101406800666,0.990846071211282
57,Random Search,0.8986696395392048,0.9021773267569684,0.9921132780074956
58,Random Search,0.9053325901151988,0.9058919156524616,0.9916133237847112
59,Random Search,0.9042289111854328,0.8979843888976907,0.9907098652708136
60,Random Search,0.9031215161649944,0.8940648939807349,0.991854848084156
61,Random Search,0.9019992567818654,0.9006025175170548,0.9925964320908968
