{
"meta":{"test_sets":[],"test_metrics":[],"learn_metrics":[{"best_value":"Min","name":"MultiClass"}],"launch_mode":"Train","parameters":"","iteration_count":75,"learn_sets":["learn"],"name":"experiment"},
"iterations":[
{"learn":[1.90922138],"iteration":0,"passed_time":0.01382455236,"remaining_time":1.02301687,
,
{"learn":[1.891161273],"iteration":1,"passed_time":0.02724707275,"remaining_time":0.9945181,
{",
{"learn":[1.881813275],"iteration":2,"passed_time":0.04097871537,"remaining_time":0.983489,
{",,
{"learn":[1.876729535],"iteration":3,"passed_time":0.05495704789,"remaining_time":0.97548,
{,
{"learn":[1.873841868],"iteration":4,"passed_time":0.06847030381,"remaining_time":0.95858425,
{,
{"learn":[1.872142961],"iteration":5,"passed_time":0.08242417482,"remaining_time":0.9478780,
{",
{"learn":[1.871116592],"iteration":6,"passed_time":0.09653220037,"remaining_time":0.937741,
{",
{"learn":[1.870484634],"iteration":7,"passed_time":0.1098544102,"remaining_time":0.9200306,
{",
{"learn":[1.870090385],"iteration":8,"passed_time":0.1242916946,"remaining_time":0.911472,
{"l,
{"learn":[1.869842249],"iteration":9,"passed_time":0.1372916203,"remaining_time":0.89239,
{"le,
{"learn":[1.869685159],"iteration":10,"passed_time":0.1510180472,"remaining_time":0.8786,
{"lea,
{"learn":[1.869585329],"iteration":11,"passed_time":0.1644688896,"remaining_time":0.863,
{"lear,
{"learn":[1.869521729],"iteration":12,"passed_time":0.1778332508,"remaining_time":0.84,
{"learn,,
{"learn":[1.859913843],"iteration":13,"passed_time":0.1925643637,"remaining_time":0.,
{"learn",,
{"learn":[1.859885095],"iteration":14,"passed_time":0.206486466,"remaining_time":0.8,
{"learn",
{"learn":[1.859866721],"iteration":15,"passed_time":0.2202128064,"remaining_time":0.8,
{"learn,,
{"learn":[1.859854971],"iteration":16,"passed_time":0.234101882,"remaining_time":0.7,
{"learn,,
{"learn":[1.859847455],"iteration":17,"passed_time":0.2486846574,"remaining_time":0.7,
{"learn,
{"learn":[1.859842648],"iteration":18,"passed_time":0.2620874172,"remaining_time":0.77,
{"lear,
{"learn":[1.859839572],"iteration":19,"passed_time":0.2745532537,"remaining_time":0.755,
{"lear,
{"learn":[1.859837604],"iteration":20,"passed_time":0.2874463428,"remaining_time":0.739,
{"lear,
{"learn":[1.859836344],"iteration":21,"passed_time":0.3010561662,"remaining_time":0.725,
{"lear,
{"learn":[1.859835539],"iteration":22,"passed_time":0.3138992535,"remaining_time":0.709,
{"lear,
{"learn":[1.859835023],"iteration":23,"passed_time":0.3278646666,"remaining_time":0.696,
{"lea,,
{"learn":[1.863763001],"iteration":24,"passed_time":0.3462329417,"remaining_time":0.692,
{"lea,,
{"learn":[1.863762799],"iteration":25,"passed_time":0.359408147,"remaining_time":0.6773,
{"lea,
{"learn":[1.86376267],"iteration":26,"passed_time":0.3729300271,"remaining_time":0.66298,
{"le,
{"learn":[1.863762587],"iteration":27,"passed_time":0.3862790581,"remaining_time":0.6483,
{"le,,
{"learn":[1.863762534],"iteration":28,"passed_time":0.3993516795,"remaining_time":0.6334,
{"le,,
{"learn":[1.8637625],"iteration":29,"passed_time":0.4141481015,"remaining_time":0.621222,
{"l,
{"learn":[1.863762479],"iteration":30,"passed_time":0.4277192256,"remaining_time":0.607085,,
{",
{"learn":[1.863762465],"iteration":31,"passed_time":0.4410117724,"remaining_time":0.592609,,
{",
{"learn":[1.863762456],"iteration":32,"passed_time":0.4540481252,"remaining_time":0.577879,,
{,,
{"learn":[1.86376245],"iteration":33,"passed_time":0.4676195561,"remaining_time":0.5638941,
{",
{"learn":[1.863762447],"iteration":34,"passed_time":0.4813525418,"remaining_time":0.550117,
{"l,
{"learn":[1.863762444],"iteration":35,"passed_time":0.4946648812,"remaining_time":0.535886,
{"l,
{"learn":[1.863762442],"iteration":36,"passed_time":0.5079057052,"remaining_time":0.521632,
{"l,
{"learn":[1.863762441],"iteration":37,"passed_time":0.5208804796,"remaining_time":0.507173,
{",
{"learn":[1.863043801],"iteration":38,"passed_time":0.5350418084,"remaining_time":0.4938847,
{",
{"learn":[1.863043801],"iteration":39,"passed_time":0.5488962938,"remaining_time":0.480284,
{",
{"learn":[1.863043801],"iteration":40,"passed_time":0.5625271782,"remaining_time":0.4664859,
{",
{"learn":[1.863043801],"iteration":41,"passed_time":0.5756107467,"remaining_time":0.4522655,
{,,
{"learn":[1.8630438],"iteration":42,"passed_time":0.5886026696,"remaining_time":0.438029893,
,
{"learn":[1.8630438],"iteration":43,"passed_time":0.6023521796,"remaining_time":0.4243844901,,
{"learn":[1.8630438],"iteration":44,"passed_time":0.6159341622,"remaining_time":0.4106227748},
{"learn":[1.8630438],"iteration":45,"passed_time":0.6288750303,"remaining_time":0.396464693},
{"learn":[1.8630438],"iteration":46,"passed_time":0.6422285552,"remaining_time":0.3826042456},
{"learn":[1.8630438],"iteration":47,"passed_time":0.6557854406,"remaining_time":0.3688793103},
{"learn":[1.8630438],"iteration":48,"passed_time":0.6695450934,"remaining_time":0.3552688251},
{"learn":[1.8630438],"iteration":49,"passed_time":0.6836480515,"remaining_time":0.3418240257},
{"learn":[1.8630438],"iteration":50,"passed_time":0.6981587062,"remaining_time":0.3285452735},
{"learn":[1.8630438],"iteration":51,"passed_time":0.7113533141,"remaining_time":0.3146370428},
{"learn":[1.8630438],"iteration":52,"passed_time":0.724506185,"remaining_time":0.3007384164},
{"learn":[1.8630438],"iteration":53,"passed_time":0.7382932568,"remaining_time":0.2871140443},
{"learn":[1.8630438],"iteration":54,"passed_time":0.7517319104,"remaining_time":0.2733570583},
{"learn":[1.8630438],"iteration":55,"passed_time":0.7651850849,"remaining_time":0.2596163681},
{"learn":[1.863043,
{"learn":[1.869132564],"iteration":56,"passed_time":0.7825764835,"remain,
{"learn":[1.8630438],"iteration":57,"passed_time":0.7932380608,"remaining_time":0.2325008109},
{"learn":[1.8630438],"i,
{"learn":[1.869132564],"iteration":58,"passed_time":0.8108065244,"r,
{"learn":[1.8630438],"iter,
{"learn":[1.869132564],"iteration":59,"passed_time":0.8250549247,,
{"learn":[1.8630438],"iteration":60,"passed_time":0.8361663945,"remaining_time":0.1919070414},
{"learn":[1.8630438],"iteration":61,"passed_time":0.8501723225,"remaining_time":0.1782619386},
{"learn":[1.8630438],"iteration":62,"pa,
{"learn":[1.862140313],"iteration":62,"passed_time":0.8921593461,"remaining_time":0.1699351135},
{"learn":[1.862140313],"iteration":63,"passed_time":0.9215620953,"remaining_time":0.1583934851},
{"learn":[1.862140313],"iteration":64,"passed_time":0.9345929728,"remaining_time":0.1437835343},
{"learn":[1.862140313],"iteration":65,"passed_time":0.9485762284,"remaining_time":0.1293513039},
{"learn":[1.862140313],"iteration":66,"passed_time":0.9618616345,"remaining_time":0.1148491504},
{"learn":[1.862140313],"iteration":67,"passed_time":0.9764337122,"remaining_time":0.1005152351},
{"learn":[1.862140313],"iteration":68,"passed_time":0.9893998122,"remaining_time":0.08603476628},
{"learn":[1.862140313],"iteration":69,"passed_time":1.002519943,"remaining_time":0.07160856736},
{"learn":[1.862140313],"iteration":70,"passed_time":1.016216087,"remaining_time":0.05725161052},
{"learn":[1.862140313],"iteration":71,"passed_time":1.030872679,"remaining_time":0.04295302829},
{"learn":[1.862140313],"iteration":72,"passed_time":1.042890656,"remaining_time":0.02857234674},
{"learn":[1.862140313],"iteration":73,"passed_time":1.05454647,"remaining_time":0.01425062797},
{"learn":[1.862140313],"iteration":74,"passed_time":1.065135424,"remaining_time":0}
]}
]}}