iter	MultiClass
0	1.609342226
1	1.609248192
2	1.60915578
3	1.609064959
4	1.6089757
5	1.608887974
6	1.608801752
7	1.608717007
8	1.608633711
9	1.608551838
10	1.608471361
11	1.608392254
1212	1.608648601313	1.608594901414	1.608542111515	1.60849022116	1.608439203117	1.608389048118	1.60833974
19	1.607805801
20	1.608243599
21	1.608196737
22	1.608150661
23	1.608105356


