iter	Logloss
0	0.6523808289
1	0.6117633057
2	0.6070555115
3	0.6013833618
4	0.5750502777
5	0.5466635132
6	0.5238563919
7	0.50200737
8	0.4784858704
9	0.4718440247
10	0.4559638596
11	0.4281438446
12	0.4061109161
13	0.3831993866
14	0.3725262451
15	0.3557957458
16	0.352644577
17	0.3458499146
18	0.3315813446
19	0.3237081146
