,Algorithm,Accuracy,F1,AUC
30,GA,0.8177550149381135,0.8197999397212451,0.9587936943821096
31,GA,0.8224572092954804,0.8193164885848193,0.9574424201548558
32,GA,0.8187999470175283,0.8200489959210876,0.9593424874321084
33,GA,0.8219314727328326,0.8150452394843638,0.95838631309847
34,GA,0.8219322903635676,0.8269337039773687,0.9570736759169766
35,GA,0.8219331079943027,0.8185571679079073,0.9564048678198912
36,GA,0.8214098243238602,0.8172193652894458,0.9553367267184756
37,GA,0.8219347432557728,0.8175599127499535,0.9589748294485564
38,GA,0.8177574678303188,0.8138671493334716,0.9556636558610908
39,GA,0.8255838292263742,0.8179037892196249,0.9580257830595248
40,GA,0.824017248737987,0.8206016573651662,0.960145622239938
41,GA,0.8193256835801761,0.8197274624555028,0.9582096212026296
42,GA,0.8198342498973874,0.8221551671681023,0.9580930737915712
43,GA,0.8219388314094482,0.8118295572145161,0.9593128372701966
44,GA,0.8193215954265008,0.8181356559672116,0.9569089979381388
45,GA,0.820889811176358,0.819801510775792,0.958203596652791
46,GA,0.8250646337096071,0.8154129107640197,0.9578074576664688
47,GA,0.8177460210000277,0.8161807832176398,0.958541150980856
48,GA,0.819325683580176,0.8136214145584532,0.9588293924810096
49,GA,0.8188097585863492,0.8206669324419303,0.9586486511616146
50,GA,0.8261054776353465,0.8130002333873484,0.957898998210454
51,GA,0.8250695394940174,0.8226965376902938,0.9583750047258612
52,GA,0.8214081890623902,0.8159000945683861,0.9584546033948887
53,GA,0.8198481496198834,0.823953164801932,0.9583427317796048
54,GA,0.821924114056217,0.8237924933458259,0.9569363706740512
55,GA,0.8188056704326739,0.8155628189633933,0.9594108034530804
56,GA,0.8172284607447308,0.822998273683431,0.958977858820305
57,GA,0.82349968848269,0.8155371168915874,0.958510381496598
58,GA,0.8214057361701849,0.8225181445793771,0.9568049317620674
59,GA,0.8240278779375428,0.8188031049244012,0.9597917893266984
