Algorithm,Model,F1,Time,params
RS,XGBoost,0.6264998931413913,274.3287627696991,"{'colsample_bytree': 0.8533282073485169, 'gamma': 0.4334935812058849, 'learning_rate': 0.13283880621578714, 'max_depth': 13, 'min_child_weight': 0, 'n_estimators': 897, 'n_jobs': -1, 'reg_alpha': 0.5089614738310703, 'reg_lambda': 0.5528970698472966, 'subsample': 0.5072988386588806}"
GA,XGBoost,0.6526032862255023,1018.291763305664,"{'n_estimators': 184, 'max_depth': 15, 'learning_rate': 0.1780127697665226, 'subsample': 0.7664414723588641, 'colsample_bytree': 0.7963353282698611, 'gamma': 0.14385717566911604, 'min_child_weight': 1.0077188634339103, 'reg_lambda': 0.2425109923556653, 'reg_alpha': 0.1510695017949319}"
PSO,XGBoost,0.5835157047863468,45.635788679122925,"[932, 0.15933229845742858, 8, 0.43266975917317424, 0.8376387485216028, 8.899419357229338, 8.654569465345293, 0.4313890743242829, 0.468386623668699]"
Optuna,XGBoost,0.6557153599052367,608.4999854564667,"{'n_estimators': 823, 'learning_rate': 0.07321030339007428, 'max_depth': 7, 'subsample': 0.9350913808217017, 'colsample_bytree': 0.8732738795483612, 'gamma': 0.3398053176629964, 'min_child_weight': 3.292592081694805, 'reg_alpha': 0.08544643215370717, 'reg_lambda': 0.5570196542807996}"
PSO,XGBoost,0.5984107377197349,34.9622061252594,"{'n_estimators': 297, 'learning_rate': 0.2872090965189131, 'max_depth': 12, 'subsample': 0.8878754051043903, 'colsample_bytree': 0.45065250083889624, 'gamma': 4.467549622575379, 'min_child_weight': 6.69534548485526, 'reg_lambda': 0.32193891983678014, 'reg_alpha': 0.3131434858713011}"
